metric,zbin,scenario,planck_hours,pact_hours,planck_penalty,pact_penalty,relative_penalty_shift_pct
survey_5sigma,survey,clean,208.85661490122305,186.98863684306136,1.0,1.0,0.0
survey_5sigma,survey,measured,215.63607988400358,193.07712188348066,1.032459900712203,1.0325607221016821,0.009765162735098087
survey_5sigma,survey,uniform50_dtv,240.35596946764704,215.13576597545838,1.1508180843653018,1.1505285540747632,-0.02515864970077386
survey_5sigma,survey,uniform75_dtv,254.28888389537136,227.4683391768404,1.2175285135959668,1.2164821510932424,-0.08594151931883287
survey_5sigma,survey,uniform97_dtv,261.95108840700453,234.23871124375196,1.2542149480441023,1.252689549474321,-0.12162178198880103
survey_5sigma,survey,measured_fourier,216.0130385836555,193.41538211746433,1.0342647690896312,1.0343697102824323,0.010146453397363864
survey_5sigma,survey,uniform25_dtv,224.56975098709222,201.0901835776661,1.075234083887171,1.0754139233949285,0.016725614491996943
survey_5sigma,survey,uniform90_dtv,260.2364483586271,232.72551945233872,1.2460052964168922,1.2445971230201764,-0.11301504100866833
survey_5sigma,survey,uniform50_chime,417.6953719195985,373.97983170297016,1.9999144969248108,2.000013680065755,0.004959369067858432
survey_5sigma,survey,ch30_excised,210.6050181476045,188.56089096421547,1.0083713089346409,1.0084082869830946,0.003667106365101702
survey_5sigma,survey,ch30_kept,211.570825752475,189.42570616120886,1.0129955704421219,1.0130332482192108,0.003719441445593219
survey_5sigma,survey,ch30_kept_fourier,222.1438380651533,198.95394611713013,1.0636188763770509,1.0639894994480932,0.03484547701002594
bin_5sigma,6,clean,1527.4133386869303,1356.890994000605,1.0,1.0,0.0
bin_5sigma,6,measured,2057.122690947561,1824.6529464530588,1.3468015754766194,1.3447306780873551,-0.1537641050450511
bin_5sigma,6,uniform50_dtv,3054.77464285582,2713.672776272339,1.9999659329163084,1.9999195132627796,-0.0023210222116709645
bin_5sigma,6,uniform75_dtv,6109.667134772386,5427.625082882905,4.000009021804587,4.000045034480114,0.0009003148575548181
bin_5sigma,6,uniform97_dtv,50912.84806534983,45228.46210172828,33.33272453225924,33.332421175837,-0.0009100858885724428
bin_5sigma,6,measured_fourier,2069.766723151797,1835.8680645277386,1.3550796439496273,1.352995983203438,-0.1537666627561607
bin_5sigma,6,uniform25_dtv,2036.4406196208593,1809.1824796722176,1.3332609897014018,1.3333292708636042,0.0051213650387849086
bin_5sigma,6,uniform90_dtv,15273.280098532245,13568.55726306859,9.999441350736276,9.99974008454694,0.002987505003382296
bin_5sigma,6,uniform50_chime,3054.77464285582,2713.672776272339,1.9999659329163084,1.9999195132627796,-0.0023210222116709645
bin_5sigma,6,ch30_excised,1756.1591115064202,1557.7021465316298,1.1497602299428231,1.1479935775378396,-0.1536539844547713
bin_5sigma,6,ch30_kept,1812.3976785490142,1610.056832796496,1.1865797113616123,1.1865778753895821,-0.00015472808211347555
bin_5sigma,6,ch30_kept_fourier,9533.220427344306,8468.894523046987,6.241414937190295,6.241396368972593,-0.00029750013240681383
da_2pct,6,clean,2755.535183026893,2470.6251709310677,1.0,1.0,0.0
da_2pct,6,measured,3688.7435414474767,3305.3173524718954,1.3386668274710525,1.3378465464375844,-0.06127596625500331
da_2pct,6,uniform50_dtv,5511.01552531593,4941.134593390661,1.9999800979721858,1.999953150128625,-0.0013474055860940304
da_2pct,6,uniform75_dtv,11021.438489513479,9881.835019245249,3.9997451520131486,3.9997305684055786,-0.00036461341950122517
da_2pct,6,uniform97_dtv,91850.49934100115,82350.83045883957,33.33308894285482,33.33198067750813,-0.0033248204167168893
da_2pct,6,measured_fourier,3711.4111227962912,3325.6333839921317,1.3468930266821673,1.3460695791174384,-0.06113681995646436
da_2pct,6,uniform25_dtv,3673.9958830644164,3294.03089895688,1.333314815101949,1.3332782883109329,-0.002739547374885909
da_2pct,6,uniform90_dtv,27555.221447060594,24705.633947083985,9.99995268316328,9.99974995712261,-0.0020272699990941945
da_2pct,6,uniform50_chime,5511.01552531593,4941.134593390661,1.9999800979721858,1.999953150128625,-0.0013474055860940304
da_2pct,6,ch30_excised,3149.1209284214156,2821.636699259105,1.142834592647871,1.1420739707738656,-0.06655572721534497
da_2pct,6,ch30_kept,3269.632825256225,2931.466848138297,1.1865690720974962,1.186528366435107,-0.0034305345846585844
da_2pct,6,ch30_kept_fourier,17198.282812564772,15419.57867977065,6.241358454974561,6.241164730771241,-0.0031038788224968528
bin_5sigma,8,clean,1832.8988680215487,1625.178779436323,1.0,1.0,0.0
bin_5sigma,8,measured,2502.3184298232136,2213.7425232407004,1.3652244940956528,1.3621532296948369,-0.22496405639501615
bin_5sigma,8,uniform50_dtv,3665.7910771839206,3250.340145142494,1.9999963670340504,1.9999892850372079,-0.0003541004853446772
bin_5sigma,8,uniform75_dtv,7331.595438358462,6500.716762748782,3.999999981598694,4.00000101219848,2.5764994759924775e-05
bin_5sigma,8,uniform97_dtv,61096.468642077496,54172.3875264496,33.33324588062281,33.33318660808428,-0.00017781808210326489
bin_5sigma,8,measured_fourier,2502.66744514589,2214.0512885268095,1.3654149112150944,1.362343218199496,-0.22496407431678023
bin_5sigma,8,uniform25_dtv,2443.7967154214107,2166.890288710703,1.3332959925166368,1.3333242570778994,0.002119901463837337
bin_5sigma,8,uniform90_dtv,18328.98010120503,16251.782829276623,9.999995319430544,9.999996944898204,1.6254684198635516e-05
bin_5sigma,8,uniform50_chime,3665.7910771839206,3250.340145142494,1.9999963670340504,1.9999892850372079,-0.0003541004853446772
bin_5sigma,8,ch30_excised,1832.8988680215487,1625.178779436323,1.0,1.0,0.0
bin_5sigma,8,ch30_kept,1832.8988680215487,1625.178779436323,1.0,1.0,0.0
bin_5sigma,8,ch30_kept_fourier,1832.8988680215487,1625.178779436323,1.0,1.0,0.0
da_2pct,8,clean,3597.0662164538494,3229.8789797588443,1.0,1.0,0.0
da_2pct,8,measured,4791.677785825833,4294.223205934188,1.332107194442944,1.3295306829901137,-0.19341622532920155
da_2pct,8,uniform50_dtv,7194.172065930589,6459.794565977101,2.000011018152157,2.000011333693814,1.5776995954119855e-05
da_2pct,8,uniform75_dtv,14388.329452270416,12919.978215019786,4.000017955314451,4.00014313105454,0.003129379454969161
da_2pct,8,uniform97_dtv,119903.0569619637,107669.04894916674,33.333569566636875,33.33531987542324,0.005250889146046767
da_2pct,8,measured_fourier,4792.346396031764,4294.822173907112,1.3322930709783474,1.3297161289392276,-0.19342155980945908
da_2pct,8,uniform25_dtv,4796.222476623434,4306.666579791743,1.333370638184072,1.3333832650637876,0.0009469894831859449
da_2pct,8,uniform90_dtv,35969.82667605673,32299.9670223508,9.999767730580565,10.00036447952686,0.00596762807270057
da_2pct,8,uniform50_chime,7194.172065930589,6459.794565977101,2.000011018152157,2.000011333693814,1.5776995954119855e-05
da_2pct,8,ch30_excised,3597.0662164538494,3229.8789797588443,1.0,1.0,0.0
da_2pct,8,ch30_kept,3597.0662164538494,3229.8789797588443,1.0,1.0,0.0
da_2pct,8,ch30_kept_fourier,3597.0662164538494,3229.8789797588443,1.0,1.0,0.0
